{"data":{"site":{"siteMetadata":{"title":"Gljive","description":"Kupnja i prodaja gljiva","author":"Martin Staresincic","schema":"{\n      \"@context\": \"https://schema.org/\",\n      \"@type\": \"WebSite\",\n      \"name\": \"Gljive\",\n      \"url\": \"https://www.gljive.hr/\",\n      \"potentialAction\": {\n        \"@type\": \"SearchAction\",\n        \"target\": \"https://www.gljive.hr/{search_term_string}\",\n        \"query-input\": \"required name=search_term_string\"\n      }\n    }"}}}}