{"name":"build-javascript","namedChunkGroups":{"polyfill":{"name":"polyfill","assets":[{"name":"webpack-runtime-ec3b57d42bf1c75400ce.js","size":5180},{"name":"polyfill-635a9dfd597478a1f0fa.js","size":85862}],"filteredAssets":0,"assetsSize":91042,"filteredAuxiliaryAssets":2,"auxiliaryAssetsSize":228324},"app":{"name":"app","assets":[{"name":"webpack-runtime-ec3b57d42bf1c75400ce.js","size":5180},{"name":"framework-ad907f2f773d42a28fbe.js","size":129766},{"name":"532a2f07-07f4e851b4e5c5bb1df7.js","size":239081},{"name":"app-e4d3e4a8066353379d6b.js","size":107960}],"filteredAssets":0,"assetsSize":481987,"filteredAuxiliaryAssets":4,"auxiliaryAssetsSize":1271873},"component---src-pages-404-js":{"name":"component---src-pages-404-js","assets":[{"name":"styles.710c51cf8b7214ff3e73.css","size":5453},{"name":"bfc3b393f484e8017a4ce6b216c744361b202e15-c5bd5c2365cb5636f8cd.js","size":44382},{"name":"component---src-pages-404-js-e2ad9047643926dced89.js","size":485}],"filteredAssets":0,"assetsSize":50320,"filteredAuxiliaryAssets":2,"auxiliaryAssetsSize":99145},"component---src-pages-index-js":{"name":"component---src-pages-index-js","assets":[{"name":"styles.710c51cf8b7214ff3e73.css","size":5453},{"name":"bfc3b393f484e8017a4ce6b216c744361b202e15-c5bd5c2365cb5636f8cd.js","size":44382},{"name":"component---src-pages-index-js-cfbc4c2bdf1012b1d3f0.js","size":19717}],"filteredAssets":0,"assetsSize":69552,"filteredAuxiliaryAssets":2,"auxiliaryAssetsSize":180319},"component---src-pages-page-2-js":{"name":"component---src-pages-page-2-js","assets":[{"name":"styles.710c51cf8b7214ff3e73.css","size":5453},{"name":"bfc3b393f484e8017a4ce6b216c744361b202e15-c5bd5c2365cb5636f8cd.js","size":44382},{"name":"component---src-pages-page-2-js-c4aadc2c32a406a763d3.js","size":686}],"filteredAssets":0,"assetsSize":50521,"filteredAuxiliaryAssets":2,"auxiliaryAssetsSize":100185},"component---src-templates-blog-post-js":{"name":"component---src-templates-blog-post-js","assets":[{"name":"component---src-templates-blog-post-js-f2184a311edafe2114fc.js","size":523}],"filteredAssets":0,"assetsSize":523,"filteredAuxiliaryAssets":1,"auxiliaryAssetsSize":1035}},"assetsByChunkName":{"polyfill":["webpack-runtime-ec3b57d42bf1c75400ce.js","polyfill-635a9dfd597478a1f0fa.js"],"app":["webpack-runtime-ec3b57d42bf1c75400ce.js","framework-ad907f2f773d42a28fbe.js","532a2f07-07f4e851b4e5c5bb1df7.js","app-e4d3e4a8066353379d6b.js"],"component---src-pages-404-js":["styles.710c51cf8b7214ff3e73.css","bfc3b393f484e8017a4ce6b216c744361b202e15-c5bd5c2365cb5636f8cd.js","component---src-pages-404-js-e2ad9047643926dced89.js"],"component---src-pages-index-js":["styles.710c51cf8b7214ff3e73.css","bfc3b393f484e8017a4ce6b216c744361b202e15-c5bd5c2365cb5636f8cd.js","component---src-pages-index-js-cfbc4c2bdf1012b1d3f0.js"],"component---src-pages-page-2-js":["styles.710c51cf8b7214ff3e73.css","bfc3b393f484e8017a4ce6b216c744361b202e15-c5bd5c2365cb5636f8cd.js","component---src-pages-page-2-js-c4aadc2c32a406a763d3.js"],"component---src-templates-blog-post-js":["component---src-templates-blog-post-js-f2184a311edafe2114fc.js"]},"childAssetsByChunkName":{}}